source,frequency,total_score
Reuters,319453,327004
rajacreator,68753,68753
AP,63886,67112
bluzz,57339,57337
reuters,39747,34230489
youtube,38580,38472
news,34528,13992972
BBCWorld,33884,34733
tellygupshup,31600,31596
popularnews,30492,30491
bbc,29034,15373615
theguardian,24648,24930338
cnn,20535,26569966
apnews,20407,23547749
youtu,18903,18866
newsnationglobal,17184,17183
roknonline,15960,15960
BBCNews,15727,16144
cde,13242,25433
newspotng,12812,12811
nbcnews,10907,20146178
timesofindia,10899,239647
nytimes,10710,5133821
aljazeera,9597,4384123
laquilablog,9118,9118
otakupages,8999,8999
globalfinancialdigest,8764,8765
msdrnews,8387,8386
abcnews,7873,10574640
edition,7570,6873784
cnbc,7391,16038330
gossipmantri,6995,6995
businessinsider,6772,15497047
washingtonpost,6637,4837369
infiniumglobalresearch,6511,6510
en,6250,856196
indiatalks,6046,6046
kaiserin-magazine,5878,5878
upahang,5803,5802
theworldnews,5517,7290
cbsnews,5514,14944943
msn,5429,3537478
independent,5382,4137643
gistmania,5270,5270
newsweek,5247,7944543
omniblog,5152,5152
npr,5145,2667572
stepe,5107,5107
malangtimes,4958,4958
france24,4840,4175201
pm30music,4546,4546
thehill,4497,2491982
khabarinshorts,4460,4459
bloomberg,4424,2530015
tamilrockers-review,4387,4382
corealpha,4353,4353
cbc,4280,3830678
ghlatest,4117,4117
dw,4076,3129239
dailymail,3970,3294403
persianfa1,3948,3942
timesofisrael,3930,2385672
dstarnews,3876,3876
isxs,3848,3848
nypost,3832,734317
onlynews,3822,3822
exportain,3796,3796
instaforex,3777,3777
m,3578,1506710
premierupdate,3510,3510
ZEYNAZERDA,3480,3480
moroccolatestnews,3449,4024
english,3427,3126777
nerd_for_crypto,3336,3336
yahoo,3322,2558893
jpost,3320,4027516
wsj,3310,338568
politico,3286,1880849
foxnews,3217,801411
abc,3158,2920038
for-hashtagsusa,3066,3066
ekhabri,2964,2964
ana-org,2929,2929
hhusa,2823,2822
euronews,2810,2457702
brasilnews,2721,2721
radarhitnews,2625,2625
news4gh,2594,2594
pasmusic,2565,2565
pravda,2542,6866065
usatoday,2525,557778
scmp,2503,1351604
ndtv,2462,2052929
daylinews,2436,2435
newmiphone,2395,2395
newzeee,2372,2372
evanino,2233,2233
qudach,2222,2222
magdy67,2057,2028
ctvnews,2051,1442527
