year_week,count
2022/21,7627
2021/22,4966
2021/35,6547
2022/52,4496
2022/49,5703
2022/18,7937
2023/07,3917
2022/40,6307
2023/04,4217
2022/16,8841
2021/04,6599
2021/40,5228
2022/03,6781
2022/07,13122
2021/10,5899
2022/38,6925
2023/12,3706
2023/03,4170
2023/08,4817
2021/05,6288
2021/36,5804
2021/09,4772
2021/06,7204
2021/38,5110
2022/44,6781
2021/23,6761
2021/42,4734
2022/41,7707
2021/53,2095
2022/46,5648
2022/51,5131
2021/39,5940
2023/52,352
2022/29,7107
2022/01,4962
2022/15,10636
2021/44,4464
2021/24,5063
2021/20,8654
2022/48,6036
2023/09,3805
2022/30,6742
2023/01,4664
2022/43,6928
2021/01,10135
2021/03,7468
2022/13,12352
2023/02,3724
2021/31,5697
2023/13,2784
2021/25,5927
2022/32,6581
2022/47,5642
2021/51,4497
2021/49,5398
2023/10,3301
2021/27,5447
2022/39,7623
2022/02,5704
2022/33,6498
2022/25,6672
2021/15,7421
2021/29,6135
2022/34,5269
2021/37,6379
2021/50,4958
2021/43,4207
2021/19,10812
2021/07,5826
2021/34,7067
2022/17,10170
2022/22,6087
2022/26,6314
2022/37,5823
2021/13,6329
2022/28,6541
2022/12,16102
2022/14,11151
2022/09,35823
2022/45,5142
2022/42,5664
2021/18,6248
2021/08,6330
2022/06,7429
2021/21,5647
2021/17,6209
2021/26,6150
2023/05,2887
2022/27,6120
2021/33,6474
2021/47,4677
2022/19,7957
2021/32,7023
2022/04,9345
2021/48,4664
2021/28,6802
2022/31,6847
2022/35,5008
2023/06,3527
2022/50,5477
2021/41,4678
2022/23,6445
2021/14,6696
2022/10,22218
2021/46,5389
2022/11,18284
2021/12,6411
2022/24,5571
2021/16,7139
2022/08,33124
2022/20,7492
2021/30,6214
2021/45,4737
2022/05,8509
2022/36,5342
2021/02,8712
2021/52,2693
2023/11,3704
2021/11,5797
